{
  "Bangalore": [12.971599, 77.594566],
  "Pune": [18.5204, 73.8567],
  "Mysore": [12.2958, 76.6394]
}